Pig_ID,Date,BCS
1,2025-01-01,3
1,2025-01-02,3
1,2025-01-03,3
1,2025-01-04,3
1,2025-01-05,3
1,2025-01-06,3
1,2025-01-07,3
1,2025-01-08,3
1,2025-01-09,3
1,2025-01-10,3
1,2025-01-11,3
1,2025-01-12,3
1,2025-01-13,3
1,2025-01-14,3
1,2025-01-15,3
1,2025-01-16,3
1,2025-01-17,3
1,2025-01-18,3
1,2025-01-19,3
1,2025-01-20,3
1,2025-01-21,3
1,2025-01-22,3
1,2025-01-23,3
1,2025-01-24,3
1,2025-01-25,3
1,2025-01-26,3
1,2025-01-27,3
1,2025-01-28,3
1,2025-01-29,2
1,2025-01-30,3
2,2025-01-01,5
2,2025-01-02,5
2,2025-01-03,5
2,2025-01-04,5
2,2025-01-05,5
2,2025-01-06,5
2,2025-01-07,5
2,2025-01-08,5
2,2025-01-09,5
2,2025-01-10,5
2,2025-01-11,5
2,2025-01-12,5
2,2025-01-13,5
2,2025-01-14,5
2,2025-01-15,5
2,2025-01-16,5
2,2025-01-17,5
2,2025-01-18,5
2,2025-01-19,5
2,2025-01-20,5
2,2025-01-21,5
2,2025-01-22,5
2,2025-01-23,5
2,2025-01-24,5
2,2025-01-25,5
2,2025-01-26,5
2,2025-01-27,5
2,2025-01-28,5
2,2025-01-29,5
2,2025-01-30,5
3,2025-01-01,3
3,2025-01-02,3
3,2025-01-03,3
3,2025-01-04,3
3,2025-01-05,3
3,2025-01-06,3
3,2025-01-07,3
3,2025-01-08,3
3,2025-01-09,3
3,2025-01-10,3
3,2025-01-11,3
3,2025-01-12,2
3,2025-01-13,3
3,2025-01-14,3
3,2025-01-15,3
3,2025-01-16,3
3,2025-01-17,3
3,2025-01-18,3
3,2025-01-19,3
3,2025-01-20,3
3,2025-01-21,3
3,2025-01-22,3
3,2025-01-23,3
3,2025-01-24,3
3,2025-01-25,3
3,2025-01-26,3
3,2025-01-27,3
3,2025-01-28,3
3,2025-01-29,3
3,2025-01-30,3
4,2025-01-01,3
4,2025-01-02,3
4,2025-01-03,3
4,2025-01-04,3
4,2025-01-05,3
4,2025-01-06,3
4,2025-01-07,3
4,2025-01-08,3
4,2025-01-09,3
4,2025-01-10,3
4,2025-01-11,3
4,2025-01-12,3
4,2025-01-13,3
4,2025-01-14,3
4,2025-01-15,3
4,2025-01-16,2
4,2025-01-17,3
4,2025-01-18,3
4,2025-01-19,2
4,2025-01-20,3
4,2025-01-21,3
4,2025-01-22,3
4,2025-01-23,3
4,2025-01-24,3
4,2025-01-25,3
4,2025-01-26,3
4,2025-01-27,3
4,2025-01-28,3
4,2025-01-29,3
4,2025-01-30,3
5,2025-01-01,3
5,2025-01-02,3
5,2025-01-03,3
5,2025-01-04,3
5,2025-01-05,3
5,2025-01-06,3
5,2025-01-07,3
5,2025-01-08,3
5,2025-01-09,3
5,2025-01-10,3
5,2025-01-11,3
5,2025-01-12,3
5,2025-01-13,3
5,2025-01-14,3
5,2025-01-15,3
5,2025-01-16,3
5,2025-01-17,3
5,2025-01-18,3
5,2025-01-19,3
5,2025-01-20,3
5,2025-01-21,3
5,2025-01-22,3
5,2025-01-23,3
5,2025-01-24,3
5,2025-01-25,2
5,2025-01-26,3
5,2025-01-27,3
5,2025-01-28,3
5,2025-01-29,3
5,2025-01-30,3
6,2025-01-01,3
6,2025-01-02,3
6,2025-01-03,3
6,2025-01-04,3
6,2025-01-05,3
6,2025-01-06,3
6,2025-01-07,3
6,2025-01-08,3
6,2025-01-09,3
6,2025-01-10,3
6,2025-01-11,3
6,2025-01-12,4
6,2025-01-13,3
6,2025-01-14,3
6,2025-01-15,3
6,2025-01-16,3
6,2025-01-17,3
6,2025-01-18,3
6,2025-01-19,3
6,2025-01-20,3
6,2025-01-21,3
6,2025-01-22,3
6,2025-01-23,3
6,2025-01-24,3
6,2025-01-25,3
6,2025-01-26,3
6,2025-01-27,3
6,2025-01-28,3
6,2025-01-29,3
6,2025-01-30,3
7,2025-01-01,2
7,2025-01-02,2
7,2025-01-03,2
7,2025-01-04,2
7,2025-01-05,2
7,2025-01-06,2
7,2025-01-07,2
7,2025-01-08,2
7,2025-01-09,2
7,2025-01-10,2
7,2025-01-11,2
7,2025-01-12,2
7,2025-01-13,2
7,2025-01-14,2
7,2025-01-15,2
7,2025-01-16,2
7,2025-01-17,2
7,2025-01-18,2
7,2025-01-19,2
7,2025-01-20,2
7,2025-01-21,2
7,2025-01-22,2
7,2025-01-23,2
7,2025-01-24,2
7,2025-01-25,2
7,2025-01-26,2
7,2025-01-27,2
7,2025-01-28,2
7,2025-01-29,2
7,2025-01-30,2
8,2025-01-01,4
8,2025-01-02,4
8,2025-01-03,4
8,2025-01-04,4
8,2025-01-05,4
8,2025-01-06,4
8,2025-01-07,4
8,2025-01-08,4
8,2025-01-09,4
8,2025-01-10,4
8,2025-01-11,4
8,2025-01-12,4
8,2025-01-13,4
8,2025-01-14,4
8,2025-01-15,4
8,2025-01-16,4
8,2025-01-17,4
8,2025-01-18,4
8,2025-01-19,4
8,2025-01-20,4
8,2025-01-21,4
8,2025-01-22,4
8,2025-01-23,3
8,2025-01-24,4
8,2025-01-25,4
8,2025-01-26,4
8,2025-01-27,4
8,2025-01-28,4
8,2025-01-29,4
8,2025-01-30,4
9,2025-01-01,3
9,2025-01-02,3
9,2025-01-03,3
9,2025-01-04,3
9,2025-01-05,3
9,2025-01-06,3
9,2025-01-07,3
9,2025-01-08,3
9,2025-01-09,3
9,2025-01-10,3
9,2025-01-11,3
9,2025-01-12,3
9,2025-01-13,3
9,2025-01-14,3
9,2025-01-15,3
9,2025-01-16,3
9,2025-01-17,3
9,2025-01-18,3
9,2025-01-19,3
9,2025-01-20,3
9,2025-01-21,3
9,2025-01-22,3
9,2025-01-23,3
9,2025-01-24,3
9,2025-01-25,3
9,2025-01-26,3
9,2025-01-27,3
9,2025-01-28,3
9,2025-01-29,3
9,2025-01-30,3
10,2025-01-01,3
10,2025-01-02,2
10,2025-01-03,3
10,2025-01-04,3
10,2025-01-05,3
10,2025-01-06,3
10,2025-01-07,3
10,2025-01-08,3
10,2025-01-09,3
10,2025-01-10,3
10,2025-01-11,3
10,2025-01-12,3
10,2025-01-13,3
10,2025-01-14,3
10,2025-01-15,3
10,2025-01-16,3
10,2025-01-17,3
10,2025-01-18,3
10,2025-01-19,3
10,2025-01-20,3
10,2025-01-21,4
10,2025-01-22,3
10,2025-01-23,3
10,2025-01-24,3
10,2025-01-25,3
10,2025-01-26,3
10,2025-01-27,3
10,2025-01-28,3
10,2025-01-29,3
10,2025-01-30,3
11,2025-01-01,1
11,2025-01-02,1
11,2025-01-03,1
11,2025-01-04,1
11,2025-01-05,1
11,2025-01-06,1
11,2025-01-07,1
11,2025-01-08,1
11,2025-01-09,1
11,2025-01-10,1
11,2025-01-11,1
11,2025-01-12,1
11,2025-01-13,1
11,2025-01-14,1
11,2025-01-15,1
11,2025-01-16,1
11,2025-01-17,1
11,2025-01-18,1
11,2025-01-19,1
11,2025-01-20,1
11,2025-01-21,1
11,2025-01-22,1
11,2025-01-23,1
11,2025-01-24,1
11,2025-01-25,1
11,2025-01-26,1
11,2025-01-27,1
11,2025-01-28,1
11,2025-01-29,1
11,2025-01-30,1
12,2025-01-01,5
12,2025-01-02,5
12,2025-01-03,5
12,2025-01-04,5
12,2025-01-05,5
12,2025-01-06,5
12,2025-01-07,5
12,2025-01-08,5
12,2025-01-09,5
12,2025-01-10,5
12,2025-01-11,5
12,2025-01-12,5
12,2025-01-13,5
12,2025-01-14,5
12,2025-01-15,5
12,2025-01-16,5
12,2025-01-17,5
12,2025-01-18,5
12,2025-01-19,5
12,2025-01-20,5
12,2025-01-21,5
12,2025-01-22,5
12,2025-01-23,5
12,2025-01-24,5
12,2025-01-25,5
12,2025-01-26,5
12,2025-01-27,4
12,2025-01-28,5
12,2025-01-29,5
12,2025-01-30,5
13,2025-01-01,3
13,2025-01-02,3
13,2025-01-03,3
13,2025-01-04,3
13,2025-01-05,3
13,2025-01-06,3
13,2025-01-07,3
13,2025-01-08,3
13,2025-01-09,3
13,2025-01-10,3
13,2025-01-11,2
13,2025-01-12,3
13,2025-01-13,3
13,2025-01-14,3
13,2025-01-15,3
13,2025-01-16,4
13,2025-01-17,3
13,2025-01-18,3
13,2025-01-19,3
13,2025-01-20,3
13,2025-01-21,3
13,2025-01-22,3
13,2025-01-23,3
13,2025-01-24,3
13,2025-01-25,3
13,2025-01-26,3
13,2025-01-27,3
13,2025-01-28,3
13,2025-01-29,3
13,2025-01-30,3
14,2025-01-01,3
14,2025-01-02,3
14,2025-01-03,3
14,2025-01-04,3
14,2025-01-05,3
14,2025-01-06,3
14,2025-01-07,3
14,2025-01-08,3
14,2025-01-09,3
14,2025-01-10,4
14,2025-01-11,3
14,2025-01-12,3
14,2025-01-13,3
14,2025-01-14,3
14,2025-01-15,3
14,2025-01-16,3
14,2025-01-17,3
14,2025-01-18,3
14,2025-01-19,3
14,2025-01-20,3
14,2025-01-21,3
14,2025-01-22,3
14,2025-01-23,3
14,2025-01-24,3
14,2025-01-25,3
14,2025-01-26,3
14,2025-01-27,3
14,2025-01-28,3
14,2025-01-29,4
14,2025-01-30,3
15,2025-01-01,3
15,2025-01-02,3
15,2025-01-03,3
15,2025-01-04,3
15,2025-01-05,3
15,2025-01-06,3
15,2025-01-07,3
15,2025-01-08,3
15,2025-01-09,3
15,2025-01-10,3
15,2025-01-11,3
15,2025-01-12,4
15,2025-01-13,4
15,2025-01-14,3
15,2025-01-15,3
15,2025-01-16,3
15,2025-01-17,3
15,2025-01-18,3
15,2025-01-19,3
15,2025-01-20,3
15,2025-01-21,3
15,2025-01-22,3
15,2025-01-23,3
15,2025-01-24,3
15,2025-01-25,3
15,2025-01-26,3
15,2025-01-27,3
15,2025-01-28,3
15,2025-01-29,3
15,2025-01-30,3
16,2025-01-01,3
16,2025-01-02,3
16,2025-01-03,3
16,2025-01-04,3
16,2025-01-05,3
16,2025-01-06,3
16,2025-01-07,3
16,2025-01-08,3
16,2025-01-09,3
16,2025-01-10,3
16,2025-01-11,3
16,2025-01-12,3
16,2025-01-13,3
16,2025-01-14,2
16,2025-01-15,3
16,2025-01-16,3
16,2025-01-17,3
16,2025-01-18,3
16,2025-01-19,3
16,2025-01-20,3
16,2025-01-21,3
16,2025-01-22,3
16,2025-01-23,3
16,2025-01-24,3
16,2025-01-25,3
16,2025-01-26,3
16,2025-01-27,3
16,2025-01-28,3
16,2025-01-29,3
16,2025-01-30,3
17,2025-01-01,3
17,2025-01-02,4
17,2025-01-03,3
17,2025-01-04,3
17,2025-01-05,3
17,2025-01-06,3
17,2025-01-07,3
17,2025-01-08,3
17,2025-01-09,3
17,2025-01-10,3
17,2025-01-11,3
17,2025-01-12,3
17,2025-01-13,3
17,2025-01-14,3
17,2025-01-15,3
17,2025-01-16,3
17,2025-01-17,3
17,2025-01-18,3
17,2025-01-19,3
17,2025-01-20,3
17,2025-01-21,3
17,2025-01-22,3
17,2025-01-23,3
17,2025-01-24,3
17,2025-01-25,3
17,2025-01-26,3
17,2025-01-27,3
17,2025-01-28,3
17,2025-01-29,3
17,2025-01-30,3
18,2025-01-01,3
18,2025-01-02,3
18,2025-01-03,3
18,2025-01-04,3
18,2025-01-05,3
18,2025-01-06,3
18,2025-01-07,3
18,2025-01-08,3
18,2025-01-09,3
18,2025-01-10,3
18,2025-01-11,3
18,2025-01-12,3
18,2025-01-13,3
18,2025-01-14,3
18,2025-01-15,3
18,2025-01-16,3
18,2025-01-17,3
18,2025-01-18,3
18,2025-01-19,3
18,2025-01-20,3
18,2025-01-21,3
18,2025-01-22,3
18,2025-01-23,3
18,2025-01-24,3
18,2025-01-25,3
18,2025-01-26,3
18,2025-01-27,3
18,2025-01-28,3
18,2025-01-29,3
18,2025-01-30,3
19,2025-01-01,3
19,2025-01-02,3
19,2025-01-03,3
19,2025-01-04,3
19,2025-01-05,3
19,2025-01-06,3
19,2025-01-07,3
19,2025-01-08,3
19,2025-01-09,3
19,2025-01-10,3
19,2025-01-11,3
19,2025-01-12,3
19,2025-01-13,3
19,2025-01-14,3
19,2025-01-15,3
19,2025-01-16,3
19,2025-01-17,3
19,2025-01-18,3
19,2025-01-19,3
19,2025-01-20,3
19,2025-01-21,3
19,2025-01-22,4
19,2025-01-23,3
19,2025-01-24,3
19,2025-01-25,3
19,2025-01-26,3
19,2025-01-27,3
19,2025-01-28,3
19,2025-01-29,3
19,2025-01-30,3
20,2025-01-01,3
20,2025-01-02,3
20,2025-01-03,3
20,2025-01-04,3
20,2025-01-05,3
20,2025-01-06,4
20,2025-01-07,3
20,2025-01-08,3
20,2025-01-09,3
20,2025-01-10,3
20,2025-01-11,3
20,2025-01-12,3
20,2025-01-13,3
20,2025-01-14,3
20,2025-01-15,3
20,2025-01-16,3
20,2025-01-17,3
20,2025-01-18,3
20,2025-01-19,3
20,2025-01-20,3
20,2025-01-21,3
20,2025-01-22,3
20,2025-01-23,3
20,2025-01-24,3
20,2025-01-25,3
20,2025-01-26,3
20,2025-01-27,3
20,2025-01-28,3
20,2025-01-29,3
20,2025-01-30,3
21,2025-01-01,3
21,2025-01-02,3
21,2025-01-03,3
21,2025-01-04,3
21,2025-01-05,3
21,2025-01-06,4
21,2025-01-07,3
21,2025-01-08,3
21,2025-01-09,3
21,2025-01-10,3
21,2025-01-11,3
21,2025-01-12,3
21,2025-01-13,3
21,2025-01-14,3
21,2025-01-15,3
21,2025-01-16,3
21,2025-01-17,3
21,2025-01-18,3
21,2025-01-19,3
21,2025-01-20,3
21,2025-01-21,3
21,2025-01-22,3
21,2025-01-23,3
21,2025-01-24,3
21,2025-01-25,3
21,2025-01-26,3
21,2025-01-27,3
21,2025-01-28,3
21,2025-01-29,3
21,2025-01-30,3
22,2025-01-01,2
22,2025-01-02,2
22,2025-01-03,2
22,2025-01-04,2
22,2025-01-05,2
22,2025-01-06,2
22,2025-01-07,2
22,2025-01-08,2
22,2025-01-09,2
22,2025-01-10,2
22,2025-01-11,2
22,2025-01-12,2
22,2025-01-13,2
22,2025-01-14,2
22,2025-01-15,2
22,2025-01-16,2
22,2025-01-17,2
22,2025-01-18,2
22,2025-01-19,2
22,2025-01-20,2
22,2025-01-21,2
22,2025-01-22,2
22,2025-01-23,2
22,2025-01-24,2
22,2025-01-25,2
22,2025-01-26,2
22,2025-01-27,2
22,2025-01-28,2
22,2025-01-29,2
22,2025-01-30,2
23,2025-01-01,3
23,2025-01-02,3
23,2025-01-03,3
23,2025-01-04,3
23,2025-01-05,3
23,2025-01-06,3
23,2025-01-07,3
23,2025-01-08,3
23,2025-01-09,3
23,2025-01-10,3
23,2025-01-11,3
23,2025-01-12,3
23,2025-01-13,3
23,2025-01-14,3
23,2025-01-15,3
23,2025-01-16,3
23,2025-01-17,3
23,2025-01-18,3
23,2025-01-19,3
23,2025-01-20,3
23,2025-01-21,3
23,2025-01-22,3
23,2025-01-23,3
23,2025-01-24,3
23,2025-01-25,3
23,2025-01-26,3
23,2025-01-27,3
23,2025-01-28,3
23,2025-01-29,3
23,2025-01-30,3
24,2025-01-01,3
24,2025-01-02,3
24,2025-01-03,3
24,2025-01-04,3
24,2025-01-05,2
24,2025-01-06,3
24,2025-01-07,3
24,2025-01-08,3
24,2025-01-09,3
24,2025-01-10,3
24,2025-01-11,3
24,2025-01-12,3
24,2025-01-13,3
24,2025-01-14,3
24,2025-01-15,3
24,2025-01-16,3
24,2025-01-17,3
24,2025-01-18,3
24,2025-01-19,3
24,2025-01-20,3
24,2025-01-21,4
24,2025-01-22,3
24,2025-01-23,3
24,2025-01-24,3
24,2025-01-25,3
24,2025-01-26,3
24,2025-01-27,3
24,2025-01-28,3
24,2025-01-29,3
24,2025-01-30,3
25,2025-01-01,3
25,2025-01-02,2
25,2025-01-03,3
25,2025-01-04,3
25,2025-01-05,3
25,2025-01-06,3
25,2025-01-07,3
25,2025-01-08,3
25,2025-01-09,3
25,2025-01-10,3
25,2025-01-11,3
25,2025-01-12,3
25,2025-01-13,3
25,2025-01-14,3
25,2025-01-15,3
25,2025-01-16,3
25,2025-01-17,3
25,2025-01-18,3
25,2025-01-19,3
25,2025-01-20,3
25,2025-01-21,2
25,2025-01-22,3
25,2025-01-23,3
25,2025-01-24,3
25,2025-01-25,3
25,2025-01-26,3
25,2025-01-27,3
25,2025-01-28,4
25,2025-01-29,3
25,2025-01-30,3
26,2025-01-01,3
26,2025-01-02,3
26,2025-01-03,3
26,2025-01-04,3
26,2025-01-05,3
26,2025-01-06,3
26,2025-01-07,3
26,2025-01-08,3
26,2025-01-09,3
26,2025-01-10,3
26,2025-01-11,3
26,2025-01-12,3
26,2025-01-13,3
26,2025-01-14,3
26,2025-01-15,3
26,2025-01-16,3
26,2025-01-17,3
26,2025-01-18,3
26,2025-01-19,3
26,2025-01-20,3
26,2025-01-21,3
26,2025-01-22,3
26,2025-01-23,3
26,2025-01-24,3
26,2025-01-25,3
26,2025-01-26,3
26,2025-01-27,3
26,2025-01-28,3
26,2025-01-29,3
26,2025-01-30,3
27,2025-01-01,3
27,2025-01-02,3
27,2025-01-03,2
27,2025-01-04,3
27,2025-01-05,3
27,2025-01-06,3
27,2025-01-07,3
27,2025-01-08,3
27,2025-01-09,3
27,2025-01-10,3
27,2025-01-11,3
27,2025-01-12,3
27,2025-01-13,3
27,2025-01-14,3
27,2025-01-15,3
27,2025-01-16,3
27,2025-01-17,3
27,2025-01-18,3
27,2025-01-19,2
27,2025-01-20,3
27,2025-01-21,3
27,2025-01-22,3
27,2025-01-23,3
27,2025-01-24,3
27,2025-01-25,3
27,2025-01-26,3
27,2025-01-27,3
27,2025-01-28,3
27,2025-01-29,3
27,2025-01-30,3
28,2025-01-01,3
28,2025-01-02,3
28,2025-01-03,3
28,2025-01-04,3
28,2025-01-05,3
28,2025-01-06,3
28,2025-01-07,3
28,2025-01-08,3
28,2025-01-09,3
28,2025-01-10,3
28,2025-01-11,3
28,2025-01-12,3
28,2025-01-13,3
28,2025-01-14,3
28,2025-01-15,3
28,2025-01-16,3
28,2025-01-17,3
28,2025-01-18,3
28,2025-01-19,3
28,2025-01-20,3
28,2025-01-21,3
28,2025-01-22,3
28,2025-01-23,4
28,2025-01-24,3
28,2025-01-25,3
28,2025-01-26,3
28,2025-01-27,2
28,2025-01-28,3
28,2025-01-29,3
28,2025-01-30,3
29,2025-01-01,3
29,2025-01-02,3
29,2025-01-03,3
29,2025-01-04,3
29,2025-01-05,3
29,2025-01-06,2
29,2025-01-07,3
29,2025-01-08,3
29,2025-01-09,3
29,2025-01-10,3
29,2025-01-11,3
29,2025-01-12,3
29,2025-01-13,3
29,2025-01-14,3
29,2025-01-15,3
29,2025-01-16,3
29,2025-01-17,3
29,2025-01-18,3
29,2025-01-19,3
29,2025-01-20,3
29,2025-01-21,3
29,2025-01-22,3
29,2025-01-23,3
29,2025-01-24,3
29,2025-01-25,3
29,2025-01-26,3
29,2025-01-27,3
29,2025-01-28,3
29,2025-01-29,3
29,2025-01-30,3
30,2025-01-01,1
30,2025-01-02,1
30,2025-01-03,1
30,2025-01-04,1
30,2025-01-05,1
30,2025-01-06,1
30,2025-01-07,1
30,2025-01-08,1
30,2025-01-09,1
30,2025-01-10,1
30,2025-01-11,1
30,2025-01-12,1
30,2025-01-13,1
30,2025-01-14,1
30,2025-01-15,1
30,2025-01-16,1
30,2025-01-17,1
30,2025-01-18,1
30,2025-01-19,1
30,2025-01-20,1
30,2025-01-21,1
30,2025-01-22,1
30,2025-01-23,1
30,2025-01-24,1
30,2025-01-25,1
30,2025-01-26,1
30,2025-01-27,1
30,2025-01-28,1
30,2025-01-29,1
30,2025-01-30,1
31,2025-01-01,3
31,2025-01-02,3
31,2025-01-03,3
31,2025-01-04,3
31,2025-01-05,3
31,2025-01-06,3
31,2025-01-07,3
31,2025-01-08,3
31,2025-01-09,3
31,2025-01-10,3
31,2025-01-11,3
31,2025-01-12,4
31,2025-01-13,3
31,2025-01-14,3
31,2025-01-15,3
31,2025-01-16,3
31,2025-01-17,3
31,2025-01-18,3
31,2025-01-19,3
31,2025-01-20,3
31,2025-01-21,3
31,2025-01-22,3
31,2025-01-23,3
31,2025-01-24,3
31,2025-01-25,3
31,2025-01-26,3
31,2025-01-27,3
31,2025-01-28,3
31,2025-01-29,3
31,2025-01-30,3
32,2025-01-01,3
32,2025-01-02,3
32,2025-01-03,3
32,2025-01-04,3
32,2025-01-05,3
32,2025-01-06,3
32,2025-01-07,3
32,2025-01-08,3
32,2025-01-09,3
32,2025-01-10,3
32,2025-01-11,3
32,2025-01-12,3
32,2025-01-13,3
32,2025-01-14,3
32,2025-01-15,3
32,2025-01-16,3
32,2025-01-17,3
32,2025-01-18,3
32,2025-01-19,3
32,2025-01-20,3
32,2025-01-21,3
32,2025-01-22,3
32,2025-01-23,3
32,2025-01-24,3
32,2025-01-25,4
32,2025-01-26,3
32,2025-01-27,3
32,2025-01-28,3
32,2025-01-29,3
32,2025-01-30,3
33,2025-01-01,2
33,2025-01-02,3
33,2025-01-03,2
33,2025-01-04,2
33,2025-01-05,2
33,2025-01-06,2
33,2025-01-07,2
33,2025-01-08,2
33,2025-01-09,2
33,2025-01-10,2
33,2025-01-11,2
33,2025-01-12,2
33,2025-01-13,2
33,2025-01-14,1
33,2025-01-15,3
33,2025-01-16,2
33,2025-01-17,2
33,2025-01-18,2
33,2025-01-19,2
33,2025-01-20,2
33,2025-01-21,2
33,2025-01-22,2
33,2025-01-23,2
33,2025-01-24,2
33,2025-01-25,2
33,2025-01-26,2
33,2025-01-27,2
33,2025-01-28,2
33,2025-01-29,3
33,2025-01-30,2
34,2025-01-01,4
34,2025-01-02,4
34,2025-01-03,4
34,2025-01-04,4
34,2025-01-05,4
34,2025-01-06,4
34,2025-01-07,4
34,2025-01-08,4
34,2025-01-09,4
34,2025-01-10,4
34,2025-01-11,4
34,2025-01-12,4
34,2025-01-13,4
34,2025-01-14,4
34,2025-01-15,5
34,2025-01-16,4
34,2025-01-17,4
34,2025-01-18,4
34,2025-01-19,4
34,2025-01-20,4
34,2025-01-21,4
34,2025-01-22,4
34,2025-01-23,4
34,2025-01-24,4
34,2025-01-25,4
34,2025-01-26,4
34,2025-01-27,4
34,2025-01-28,4
34,2025-01-29,4
34,2025-01-30,4
35,2025-01-01,5
35,2025-01-02,5
35,2025-01-03,5
35,2025-01-04,5
35,2025-01-05,5
35,2025-01-06,5
35,2025-01-07,5
35,2025-01-08,5
35,2025-01-09,5
35,2025-01-10,5
35,2025-01-11,5
35,2025-01-12,5
35,2025-01-13,5
35,2025-01-14,5
35,2025-01-15,5
35,2025-01-16,5
35,2025-01-17,5
35,2025-01-18,5
35,2025-01-19,5
35,2025-01-20,5
35,2025-01-21,5
35,2025-01-22,5
35,2025-01-23,5
35,2025-01-24,5
35,2025-01-25,5
35,2025-01-26,5
35,2025-01-27,5
35,2025-01-28,5
35,2025-01-29,5
35,2025-01-30,5
36,2025-01-01,3
36,2025-01-02,3
36,2025-01-03,3
36,2025-01-04,3
36,2025-01-05,3
36,2025-01-06,3
36,2025-01-07,3
36,2025-01-08,3
36,2025-01-09,3
36,2025-01-10,3
36,2025-01-11,3
36,2025-01-12,3
36,2025-01-13,3
36,2025-01-14,3
36,2025-01-15,3
36,2025-01-16,3
36,2025-01-17,3
36,2025-01-18,3
36,2025-01-19,2
36,2025-01-20,3
36,2025-01-21,3
36,2025-01-22,4
36,2025-01-23,3
36,2025-01-24,3
36,2025-01-25,3
36,2025-01-26,3
36,2025-01-27,3
36,2025-01-28,3
36,2025-01-29,3
36,2025-01-30,3
37,2025-01-01,3
37,2025-01-02,3
37,2025-01-03,3
37,2025-01-04,3
37,2025-01-05,3
37,2025-01-06,3
37,2025-01-07,3
37,2025-01-08,3
37,2025-01-09,3
37,2025-01-10,3
37,2025-01-11,3
37,2025-01-12,3
37,2025-01-13,3
37,2025-01-14,3
37,2025-01-15,3
37,2025-01-16,3
37,2025-01-17,3
37,2025-01-18,3
37,2025-01-19,3
37,2025-01-20,3
37,2025-01-21,3
37,2025-01-22,3
37,2025-01-23,3
37,2025-01-24,3
37,2025-01-25,3
37,2025-01-26,3
37,2025-01-27,3
37,2025-01-28,3
37,2025-01-29,3
37,2025-01-30,4
38,2025-01-01,2
38,2025-01-02,2
38,2025-01-03,2
38,2025-01-04,2
38,2025-01-05,2
38,2025-01-06,2
38,2025-01-07,2
38,2025-01-08,2
38,2025-01-09,2
38,2025-01-10,2
38,2025-01-11,2
38,2025-01-12,2
38,2025-01-13,2
38,2025-01-14,2
38,2025-01-15,2
38,2025-01-16,2
38,2025-01-17,2
38,2025-01-18,2
38,2025-01-19,3
38,2025-01-20,2
38,2025-01-21,2
38,2025-01-22,2
38,2025-01-23,2
38,2025-01-24,2
38,2025-01-25,2
38,2025-01-26,2
38,2025-01-27,2
38,2025-01-28,2
38,2025-01-29,2
38,2025-01-30,2
39,2025-01-01,3
39,2025-01-02,3
39,2025-01-03,3
39,2025-01-04,3
39,2025-01-05,3
39,2025-01-06,3
39,2025-01-07,3
39,2025-01-08,3
39,2025-01-09,3
39,2025-01-10,3
39,2025-01-11,3
39,2025-01-12,3
39,2025-01-13,3
39,2025-01-14,3
39,2025-01-15,3
39,2025-01-16,3
39,2025-01-17,3
39,2025-01-18,3
39,2025-01-19,3
39,2025-01-20,3
39,2025-01-21,3
39,2025-01-22,3
39,2025-01-23,3
39,2025-01-24,3
39,2025-01-25,2
39,2025-01-26,3
39,2025-01-27,3
39,2025-01-28,3
39,2025-01-29,3
39,2025-01-30,3
40,2025-01-01,3
40,2025-01-02,3
40,2025-01-03,3
40,2025-01-04,3
40,2025-01-05,3
40,2025-01-06,3
40,2025-01-07,3
40,2025-01-08,4
40,2025-01-09,3
40,2025-01-10,3
40,2025-01-11,3
40,2025-01-12,3
40,2025-01-13,3
40,2025-01-14,2
40,2025-01-15,3
40,2025-01-16,3
40,2025-01-17,3
40,2025-01-18,3
40,2025-01-19,3
40,2025-01-20,3
40,2025-01-21,3
40,2025-01-22,3
40,2025-01-23,3
40,2025-01-24,3
40,2025-01-25,3
40,2025-01-26,3
40,2025-01-27,3
40,2025-01-28,3
40,2025-01-29,3
40,2025-01-30,3
41,2025-01-01,2
41,2025-01-02,2
41,2025-01-03,2
41,2025-01-04,2
41,2025-01-05,2
41,2025-01-06,2
41,2025-01-07,2
41,2025-01-08,2
41,2025-01-09,2
41,2025-01-10,2
41,2025-01-11,2
41,2025-01-12,2
41,2025-01-13,2
41,2025-01-14,2
41,2025-01-15,2
41,2025-01-16,2
41,2025-01-17,2
41,2025-01-18,2
41,2025-01-19,2
41,2025-01-20,2
41,2025-01-21,2
41,2025-01-22,2
41,2025-01-23,2
41,2025-01-24,2
41,2025-01-25,2
41,2025-01-26,2
41,2025-01-27,2
41,2025-01-28,2
41,2025-01-29,2
41,2025-01-30,2
42,2025-01-01,3
42,2025-01-02,3
42,2025-01-03,3
42,2025-01-04,4
42,2025-01-05,3
42,2025-01-06,3
42,2025-01-07,3
42,2025-01-08,3
42,2025-01-09,3
42,2025-01-10,3
42,2025-01-11,3
42,2025-01-12,3
42,2025-01-13,3
42,2025-01-14,3
42,2025-01-15,3
42,2025-01-16,3
42,2025-01-17,3
42,2025-01-18,3
42,2025-01-19,4
42,2025-01-20,3
42,2025-01-21,3
42,2025-01-22,3
42,2025-01-23,3
42,2025-01-24,3
42,2025-01-25,3
42,2025-01-26,3
42,2025-01-27,3
42,2025-01-28,3
42,2025-01-29,3
42,2025-01-30,3
43,2025-01-01,1
43,2025-01-02,1
43,2025-01-03,1
43,2025-01-04,1
43,2025-01-05,1
43,2025-01-06,1
43,2025-01-07,1
43,2025-01-08,1
43,2025-01-09,1
43,2025-01-10,1
43,2025-01-11,1
43,2025-01-12,1
43,2025-01-13,1
43,2025-01-14,1
43,2025-01-15,1
43,2025-01-16,1
43,2025-01-17,1
43,2025-01-18,1
43,2025-01-19,1
43,2025-01-20,1
43,2025-01-21,1
43,2025-01-22,1
43,2025-01-23,1
43,2025-01-24,1
43,2025-01-25,1
43,2025-01-26,1
43,2025-01-27,1
43,2025-01-28,1
43,2025-01-29,1
43,2025-01-30,1
44,2025-01-01,4
44,2025-01-02,4
44,2025-01-03,4
44,2025-01-04,4
44,2025-01-05,4
44,2025-01-06,4
44,2025-01-07,4
44,2025-01-08,4
44,2025-01-09,4
44,2025-01-10,4
44,2025-01-11,4
44,2025-01-12,4
44,2025-01-13,4
44,2025-01-14,4
44,2025-01-15,4
44,2025-01-16,4
44,2025-01-17,4
44,2025-01-18,4
44,2025-01-19,4
44,2025-01-20,4
44,2025-01-21,4
44,2025-01-22,4
44,2025-01-23,4
44,2025-01-24,4
44,2025-01-25,4
44,2025-01-26,4
44,2025-01-27,4
44,2025-01-28,4
44,2025-01-29,4
44,2025-01-30,4
45,2025-01-01,3
45,2025-01-02,3
45,2025-01-03,3
45,2025-01-04,3
45,2025-01-05,4
45,2025-01-06,3
45,2025-01-07,2
45,2025-01-08,3
45,2025-01-09,3
45,2025-01-10,3
45,2025-01-11,3
45,2025-01-12,3
45,2025-01-13,3
45,2025-01-14,3
45,2025-01-15,3
45,2025-01-16,3
45,2025-01-17,3
45,2025-01-18,3
45,2025-01-19,3
45,2025-01-20,3
45,2025-01-21,3
45,2025-01-22,3
45,2025-01-23,3
45,2025-01-24,3
45,2025-01-25,3
45,2025-01-26,3
45,2025-01-27,3
45,2025-01-28,3
45,2025-01-29,3
45,2025-01-30,3
46,2025-01-01,3
46,2025-01-02,3
46,2025-01-03,3
46,2025-01-04,3
46,2025-01-05,3
46,2025-01-06,3
46,2025-01-07,3
46,2025-01-08,3
46,2025-01-09,3
46,2025-01-10,3
46,2025-01-11,3
46,2025-01-12,3
46,2025-01-13,3
46,2025-01-14,3
46,2025-01-15,4
46,2025-01-16,3
46,2025-01-17,3
46,2025-01-18,3
46,2025-01-19,3
46,2025-01-20,3
46,2025-01-21,3
46,2025-01-22,3
46,2025-01-23,3
46,2025-01-24,3
46,2025-01-25,3
46,2025-01-26,3
46,2025-01-27,3
46,2025-01-28,3
46,2025-01-29,3
46,2025-01-30,3
47,2025-01-01,3
47,2025-01-02,3
47,2025-01-03,3
47,2025-01-04,2
47,2025-01-05,3
47,2025-01-06,3
47,2025-01-07,3
47,2025-01-08,3
47,2025-01-09,3
47,2025-01-10,3
47,2025-01-11,3
47,2025-01-12,3
47,2025-01-13,3
47,2025-01-14,3
47,2025-01-15,3
47,2025-01-16,3
47,2025-01-17,3
47,2025-01-18,3
47,2025-01-19,3
47,2025-01-20,3
47,2025-01-21,3
47,2025-01-22,3
47,2025-01-23,3
47,2025-01-24,3
47,2025-01-25,3
47,2025-01-26,3
47,2025-01-27,3
47,2025-01-28,3
47,2025-01-29,3
47,2025-01-30,3
48,2025-01-01,3
48,2025-01-02,3
48,2025-01-03,3
48,2025-01-04,2
48,2025-01-05,3
48,2025-01-06,2
48,2025-01-07,3
48,2025-01-08,3
48,2025-01-09,3
48,2025-01-10,3
48,2025-01-11,3
48,2025-01-12,3
48,2025-01-13,3
48,2025-01-14,3
48,2025-01-15,3
48,2025-01-16,3
48,2025-01-17,3
48,2025-01-18,3
48,2025-01-19,3
48,2025-01-20,3
48,2025-01-21,3
48,2025-01-22,3
48,2025-01-23,3
48,2025-01-24,3
48,2025-01-25,3
48,2025-01-26,3
48,2025-01-27,3
48,2025-01-28,3
48,2025-01-29,3
48,2025-01-30,3
49,2025-01-01,3
49,2025-01-02,3
49,2025-01-03,3
49,2025-01-04,3
49,2025-01-05,3
49,2025-01-06,3
49,2025-01-07,3
49,2025-01-08,3
49,2025-01-09,3
49,2025-01-10,3
49,2025-01-11,3
49,2025-01-12,3
49,2025-01-13,3
49,2025-01-14,3
49,2025-01-15,3
49,2025-01-16,3
49,2025-01-17,3
49,2025-01-18,3
49,2025-01-19,3
49,2025-01-20,3
49,2025-01-21,3
49,2025-01-22,3
49,2025-01-23,3
49,2025-01-24,3
49,2025-01-25,3
49,2025-01-26,3
49,2025-01-27,3
49,2025-01-28,3
49,2025-01-29,3
49,2025-01-30,3
50,2025-01-01,3
50,2025-01-02,3
50,2025-01-03,3
50,2025-01-04,3
50,2025-01-05,3
50,2025-01-06,3
50,2025-01-07,3
50,2025-01-08,3
50,2025-01-09,3
50,2025-01-10,3
50,2025-01-11,3
50,2025-01-12,3
50,2025-01-13,3
50,2025-01-14,3
50,2025-01-15,4
50,2025-01-16,3
50,2025-01-17,3
50,2025-01-18,3
50,2025-01-19,3
50,2025-01-20,3
50,2025-01-21,3
50,2025-01-22,4
50,2025-01-23,3
50,2025-01-24,3
50,2025-01-25,3
50,2025-01-26,3
50,2025-01-27,3
50,2025-01-28,3
50,2025-01-29,3
50,2025-01-30,3
51,2025-01-01,5
51,2025-01-02,5
51,2025-01-03,5
51,2025-01-04,5
51,2025-01-05,5
51,2025-01-06,5
51,2025-01-07,5
51,2025-01-08,5
51,2025-01-09,5
51,2025-01-10,5
51,2025-01-11,5
51,2025-01-12,5
51,2025-01-13,5
51,2025-01-14,5
51,2025-01-15,5
51,2025-01-16,5
51,2025-01-17,5
51,2025-01-18,5
51,2025-01-19,5
51,2025-01-20,5
51,2025-01-21,5
51,2025-01-22,5
51,2025-01-23,5
51,2025-01-24,5
51,2025-01-25,5
51,2025-01-26,5
51,2025-01-27,5
51,2025-01-28,5
51,2025-01-29,5
51,2025-01-30,5
52,2025-01-01,3
52,2025-01-02,3
52,2025-01-03,3
52,2025-01-04,3
52,2025-01-05,3
52,2025-01-06,3
52,2025-01-07,3
52,2025-01-08,3
52,2025-01-09,4
52,2025-01-10,3
52,2025-01-11,3
52,2025-01-12,3
52,2025-01-13,3
52,2025-01-14,3
52,2025-01-15,3
52,2025-01-16,3
52,2025-01-17,3
52,2025-01-18,3
52,2025-01-19,3
52,2025-01-20,3
52,2025-01-21,3
52,2025-01-22,3
52,2025-01-23,3
52,2025-01-24,3
52,2025-01-25,3
52,2025-01-26,3
52,2025-01-27,3
52,2025-01-28,3
52,2025-01-29,3
52,2025-01-30,3
53,2025-01-01,4
53,2025-01-02,4
53,2025-01-03,4
53,2025-01-04,4
53,2025-01-05,5
53,2025-01-06,4
53,2025-01-07,4
53,2025-01-08,4
53,2025-01-09,4
53,2025-01-10,4
53,2025-01-11,4
53,2025-01-12,4
53,2025-01-13,4
53,2025-01-14,4
53,2025-01-15,4
53,2025-01-16,4
53,2025-01-17,4
53,2025-01-18,4
53,2025-01-19,4
53,2025-01-20,4
53,2025-01-21,4
53,2025-01-22,4
53,2025-01-23,4
53,2025-01-24,4
53,2025-01-25,4
53,2025-01-26,4
53,2025-01-27,4
53,2025-01-28,4
53,2025-01-29,4
53,2025-01-30,4
54,2025-01-01,4
54,2025-01-02,4
54,2025-01-03,4
54,2025-01-04,4
54,2025-01-05,4
54,2025-01-06,4
54,2025-01-07,4
54,2025-01-08,4
54,2025-01-09,4
54,2025-01-10,4
54,2025-01-11,4
54,2025-01-12,4
54,2025-01-13,4
54,2025-01-14,4
54,2025-01-15,4
54,2025-01-16,4
54,2025-01-17,4
54,2025-01-18,4
54,2025-01-19,4
54,2025-01-20,4
54,2025-01-21,4
54,2025-01-22,4
54,2025-01-23,4
54,2025-01-24,4
54,2025-01-25,4
54,2025-01-26,5
54,2025-01-27,4
54,2025-01-28,4
54,2025-01-29,5
54,2025-01-30,4
55,2025-01-01,3
55,2025-01-02,3
55,2025-01-03,3
55,2025-01-04,3
55,2025-01-05,3
55,2025-01-06,3
55,2025-01-07,3
55,2025-01-08,4
55,2025-01-09,3
55,2025-01-10,3
55,2025-01-11,3
55,2025-01-12,3
55,2025-01-13,3
55,2025-01-14,3
55,2025-01-15,3
55,2025-01-16,3
55,2025-01-17,3
55,2025-01-18,3
55,2025-01-19,3
55,2025-01-20,3
55,2025-01-21,3
55,2025-01-22,3
55,2025-01-23,3
55,2025-01-24,2
55,2025-01-25,3
55,2025-01-26,3
55,2025-01-27,2
55,2025-01-28,3
55,2025-01-29,3
55,2025-01-30,3
56,2025-01-01,4
56,2025-01-02,4
56,2025-01-03,3
56,2025-01-04,4
56,2025-01-05,4
56,2025-01-06,4
56,2025-01-07,4
56,2025-01-08,4
56,2025-01-09,4
56,2025-01-10,4
56,2025-01-11,4
56,2025-01-12,4
56,2025-01-13,4
56,2025-01-14,4
56,2025-01-15,4
56,2025-01-16,4
56,2025-01-17,4
56,2025-01-18,4
56,2025-01-19,4
56,2025-01-20,4
56,2025-01-21,4
56,2025-01-22,4
56,2025-01-23,4
56,2025-01-24,4
56,2025-01-25,4
56,2025-01-26,4
56,2025-01-27,4
56,2025-01-28,4
56,2025-01-29,4
56,2025-01-30,4
57,2025-01-01,2
57,2025-01-02,2
57,2025-01-03,2
57,2025-01-04,2
57,2025-01-05,2
57,2025-01-06,2
57,2025-01-07,2
57,2025-01-08,2
57,2025-01-09,2
57,2025-01-10,2
57,2025-01-11,2
57,2025-01-12,2
57,2025-01-13,2
57,2025-01-14,2
57,2025-01-15,2
57,2025-01-16,2
57,2025-01-17,2
57,2025-01-18,2
57,2025-01-19,2
57,2025-01-20,1
57,2025-01-21,2
57,2025-01-22,2
57,2025-01-23,2
57,2025-01-24,2
57,2025-01-25,2
57,2025-01-26,2
57,2025-01-27,2
57,2025-01-28,2
57,2025-01-29,2
57,2025-01-30,2
58,2025-01-01,3
58,2025-01-02,3
58,2025-01-03,3
58,2025-01-04,3
58,2025-01-05,3
58,2025-01-06,3
58,2025-01-07,3
58,2025-01-08,3
58,2025-01-09,3
58,2025-01-10,3
58,2025-01-11,3
58,2025-01-12,3
58,2025-01-13,3
58,2025-01-14,3
58,2025-01-15,3
58,2025-01-16,3
58,2025-01-17,3
58,2025-01-18,3
58,2025-01-19,3
58,2025-01-20,3
58,2025-01-21,3
58,2025-01-22,3
58,2025-01-23,3
58,2025-01-24,3
58,2025-01-25,3
58,2025-01-26,3
58,2025-01-27,3
58,2025-01-28,3
58,2025-01-29,3
58,2025-01-30,3
59,2025-01-01,1
59,2025-01-02,1
59,2025-01-03,1
59,2025-01-04,1
59,2025-01-05,1
59,2025-01-06,1
59,2025-01-07,1
59,2025-01-08,1
59,2025-01-09,1
59,2025-01-10,1
59,2025-01-11,1
59,2025-01-12,1
59,2025-01-13,1
59,2025-01-14,1
59,2025-01-15,1
59,2025-01-16,1
59,2025-01-17,1
59,2025-01-18,1
59,2025-01-19,1
59,2025-01-20,1
59,2025-01-21,1
59,2025-01-22,1
59,2025-01-23,1
59,2025-01-24,1
59,2025-01-25,2
59,2025-01-26,1
59,2025-01-27,1
59,2025-01-28,1
59,2025-01-29,1
59,2025-01-30,1
60,2025-01-01,3
60,2025-01-02,3
60,2025-01-03,3
60,2025-01-04,3
60,2025-01-05,3
60,2025-01-06,3
60,2025-01-07,3
60,2025-01-08,3
60,2025-01-09,3
60,2025-01-10,3
60,2025-01-11,3
60,2025-01-12,3
60,2025-01-13,3
60,2025-01-14,3
60,2025-01-15,3
60,2025-01-16,3
60,2025-01-17,2
60,2025-01-18,3
60,2025-01-19,3
60,2025-01-20,4
60,2025-01-21,3
60,2025-01-22,3
60,2025-01-23,3
60,2025-01-24,3
60,2025-01-25,3
60,2025-01-26,3
60,2025-01-27,3
60,2025-01-28,3
60,2025-01-29,3
60,2025-01-30,3
61,2025-01-01,3
61,2025-01-02,2
61,2025-01-03,3
61,2025-01-04,3
61,2025-01-05,3
61,2025-01-06,3
61,2025-01-07,3
61,2025-01-08,3
61,2025-01-09,3
61,2025-01-10,3
61,2025-01-11,3
61,2025-01-12,3
61,2025-01-13,4
61,2025-01-14,3
61,2025-01-15,3
61,2025-01-16,3
61,2025-01-17,3
61,2025-01-18,3
61,2025-01-19,3
61,2025-01-20,3
61,2025-01-21,3
61,2025-01-22,2
61,2025-01-23,3
61,2025-01-24,3
61,2025-01-25,3
61,2025-01-26,3
61,2025-01-27,3
61,2025-01-28,3
61,2025-01-29,3
61,2025-01-30,3
62,2025-01-01,3
62,2025-01-02,3
62,2025-01-03,3
62,2025-01-04,3
62,2025-01-05,3
62,2025-01-06,3
62,2025-01-07,3
62,2025-01-08,3
62,2025-01-09,3
62,2025-01-10,3
62,2025-01-11,3
62,2025-01-12,3
62,2025-01-13,3
62,2025-01-14,3
62,2025-01-15,3
62,2025-01-16,3
62,2025-01-17,3
62,2025-01-18,3
62,2025-01-19,3
62,2025-01-20,3
62,2025-01-21,3
62,2025-01-22,3
62,2025-01-23,3
62,2025-01-24,3
62,2025-01-25,4
62,2025-01-26,3
62,2025-01-27,3
62,2025-01-28,3
62,2025-01-29,3
62,2025-01-30,3
63,2025-01-01,3
63,2025-01-02,3
63,2025-01-03,3
63,2025-01-04,3
63,2025-01-05,3
63,2025-01-06,3
63,2025-01-07,3
63,2025-01-08,3
63,2025-01-09,3
63,2025-01-10,3
63,2025-01-11,3
63,2025-01-12,3
63,2025-01-13,3
63,2025-01-14,3
63,2025-01-15,3
63,2025-01-16,3
63,2025-01-17,3
63,2025-01-18,3
63,2025-01-19,3
63,2025-01-20,3
63,2025-01-21,3
63,2025-01-22,3
63,2025-01-23,3
63,2025-01-24,3
63,2025-01-25,3
63,2025-01-26,3
63,2025-01-27,3
63,2025-01-28,3
63,2025-01-29,3
63,2025-01-30,3
64,2025-01-01,3
64,2025-01-02,3
64,2025-01-03,3
64,2025-01-04,3
64,2025-01-05,3
64,2025-01-06,3
64,2025-01-07,3
64,2025-01-08,3
64,2025-01-09,3
64,2025-01-10,3
64,2025-01-11,3
64,2025-01-12,3
64,2025-01-13,3
64,2025-01-14,3
64,2025-01-15,3
64,2025-01-16,3
64,2025-01-17,3
64,2025-01-18,3
64,2025-01-19,3
64,2025-01-20,3
64,2025-01-21,3
64,2025-01-22,3
64,2025-01-23,3
64,2025-01-24,3
64,2025-01-25,3
64,2025-01-26,3
64,2025-01-27,3
64,2025-01-28,3
64,2025-01-29,3
64,2025-01-30,3
65,2025-01-01,3
65,2025-01-02,3
65,2025-01-03,3
65,2025-01-04,3
65,2025-01-05,3
65,2025-01-06,3
65,2025-01-07,3
65,2025-01-08,4
65,2025-01-09,3
65,2025-01-10,3
65,2025-01-11,3
65,2025-01-12,3
65,2025-01-13,3
65,2025-01-14,3
65,2025-01-15,3
65,2025-01-16,3
65,2025-01-17,3
65,2025-01-18,3
65,2025-01-19,3
65,2025-01-20,3
65,2025-01-21,3
65,2025-01-22,3
65,2025-01-23,3
65,2025-01-24,3
65,2025-01-25,3
65,2025-01-26,3
65,2025-01-27,3
65,2025-01-28,3
65,2025-01-29,3
65,2025-01-30,3
66,2025-01-01,3
66,2025-01-02,3
66,2025-01-03,3
66,2025-01-04,3
66,2025-01-05,3
66,2025-01-06,3
66,2025-01-07,3
66,2025-01-08,3
66,2025-01-09,3
66,2025-01-10,3
66,2025-01-11,3
66,2025-01-12,3
66,2025-01-13,3
66,2025-01-14,3
66,2025-01-15,3
66,2025-01-16,3
66,2025-01-17,3
66,2025-01-18,3
66,2025-01-19,3
66,2025-01-20,3
66,2025-01-21,3
66,2025-01-22,3
66,2025-01-23,3
66,2025-01-24,3
66,2025-01-25,3
66,2025-01-26,3
66,2025-01-27,3
66,2025-01-28,3
66,2025-01-29,4
66,2025-01-30,3
67,2025-01-01,2
67,2025-01-02,2
67,2025-01-03,2
67,2025-01-04,2
67,2025-01-05,2
67,2025-01-06,2
67,2025-01-07,2
67,2025-01-08,2
67,2025-01-09,2
67,2025-01-10,2
67,2025-01-11,2
67,2025-01-12,2
67,2025-01-13,2
67,2025-01-14,2
67,2025-01-15,2
67,2025-01-16,2
67,2025-01-17,2
67,2025-01-18,2
67,2025-01-19,2
67,2025-01-20,2
67,2025-01-21,2
67,2025-01-22,2
67,2025-01-23,2
67,2025-01-24,2
67,2025-01-25,2
67,2025-01-26,2
67,2025-01-27,2
67,2025-01-28,2
67,2025-01-29,2
67,2025-01-30,3
68,2025-01-01,3
68,2025-01-02,3
68,2025-01-03,3
68,2025-01-04,3
68,2025-01-05,3
68,2025-01-06,3
68,2025-01-07,3
68,2025-01-08,3
68,2025-01-09,3
68,2025-01-10,3
68,2025-01-11,3
68,2025-01-12,3
68,2025-01-13,3
68,2025-01-14,3
68,2025-01-15,4
68,2025-01-16,3
68,2025-01-17,3
68,2025-01-18,3
68,2025-01-19,3
68,2025-01-20,3
68,2025-01-21,3
68,2025-01-22,2
68,2025-01-23,3
68,2025-01-24,3
68,2025-01-25,3
68,2025-01-26,3
68,2025-01-27,3
68,2025-01-28,3
68,2025-01-29,3
68,2025-01-30,3
69,2025-01-01,2
69,2025-01-02,2
69,2025-01-03,2
69,2025-01-04,2
69,2025-01-05,2
69,2025-01-06,2
69,2025-01-07,2
69,2025-01-08,2
69,2025-01-09,2
69,2025-01-10,2
69,2025-01-11,2
69,2025-01-12,2
69,2025-01-13,2
69,2025-01-14,2
69,2025-01-15,2
69,2025-01-16,2
69,2025-01-17,2
69,2025-01-18,2
69,2025-01-19,2
69,2025-01-20,2
69,2025-01-21,2
69,2025-01-22,2
69,2025-01-23,2
69,2025-01-24,2
69,2025-01-25,2
69,2025-01-26,2
69,2025-01-27,2
69,2025-01-28,2
69,2025-01-29,2
69,2025-01-30,2
70,2025-01-01,5
70,2025-01-02,5
70,2025-01-03,5
70,2025-01-04,5
70,2025-01-05,5
70,2025-01-06,5
70,2025-01-07,5
70,2025-01-08,5
70,2025-01-09,5
70,2025-01-10,5
70,2025-01-11,5
70,2025-01-12,5
70,2025-01-13,5
70,2025-01-14,5
70,2025-01-15,5
70,2025-01-16,5
70,2025-01-17,5
70,2025-01-18,5
70,2025-01-19,5
70,2025-01-20,5
70,2025-01-21,5
70,2025-01-22,5
70,2025-01-23,5
70,2025-01-24,5
70,2025-01-25,5
70,2025-01-26,5
70,2025-01-27,5
70,2025-01-28,5
70,2025-01-29,5
70,2025-01-30,5
71,2025-01-01,3
71,2025-01-02,3
71,2025-01-03,3
71,2025-01-04,3
71,2025-01-05,3
71,2025-01-06,3
71,2025-01-07,3
71,2025-01-08,3
71,2025-01-09,3
71,2025-01-10,3
71,2025-01-11,3
71,2025-01-12,3
71,2025-01-13,2
71,2025-01-14,3
71,2025-01-15,3
71,2025-01-16,3
71,2025-01-17,3
71,2025-01-18,3
71,2025-01-19,3
71,2025-01-20,3
71,2025-01-21,3
71,2025-01-22,3
71,2025-01-23,3
71,2025-01-24,3
71,2025-01-25,2
71,2025-01-26,3
71,2025-01-27,3
71,2025-01-28,3
71,2025-01-29,3
71,2025-01-30,3
72,2025-01-01,3
72,2025-01-02,3
72,2025-01-03,3
72,2025-01-04,3
72,2025-01-05,3
72,2025-01-06,3
72,2025-01-07,3
72,2025-01-08,3
72,2025-01-09,3
72,2025-01-10,3
72,2025-01-11,3
72,2025-01-12,3
72,2025-01-13,3
72,2025-01-14,4
72,2025-01-15,3
72,2025-01-16,3
72,2025-01-17,3
72,2025-01-18,3
72,2025-01-19,3
72,2025-01-20,3
72,2025-01-21,3
72,2025-01-22,3
72,2025-01-23,3
72,2025-01-24,3
72,2025-01-25,3
72,2025-01-26,3
72,2025-01-27,3
72,2025-01-28,3
72,2025-01-29,3
72,2025-01-30,3
73,2025-01-01,1
73,2025-01-02,1
73,2025-01-03,1
73,2025-01-04,1
73,2025-01-05,1
73,2025-01-06,1
73,2025-01-07,1
73,2025-01-08,1
73,2025-01-09,1
73,2025-01-10,1
73,2025-01-11,1
73,2025-01-12,1
73,2025-01-13,1
73,2025-01-14,1
73,2025-01-15,1
73,2025-01-16,1
73,2025-01-17,1
73,2025-01-18,1
73,2025-01-19,1
73,2025-01-20,1
73,2025-01-21,1
73,2025-01-22,1
73,2025-01-23,1
73,2025-01-24,1
73,2025-01-25,1
73,2025-01-26,1
73,2025-01-27,1
73,2025-01-28,1
73,2025-01-29,1
73,2025-01-30,1
74,2025-01-01,3
74,2025-01-02,3
74,2025-01-03,3
74,2025-01-04,3
74,2025-01-05,2
74,2025-01-06,2
74,2025-01-07,3
74,2025-01-08,3
74,2025-01-09,3
74,2025-01-10,3
74,2025-01-11,3
74,2025-01-12,3
74,2025-01-13,3
74,2025-01-14,3
74,2025-01-15,3
74,2025-01-16,3
74,2025-01-17,3
74,2025-01-18,3
74,2025-01-19,3
74,2025-01-20,3
74,2025-01-21,3
74,2025-01-22,3
74,2025-01-23,3
74,2025-01-24,3
74,2025-01-25,4
74,2025-01-26,3
74,2025-01-27,3
74,2025-01-28,3
74,2025-01-29,3
74,2025-01-30,3
75,2025-01-01,3
75,2025-01-02,3
75,2025-01-03,3
75,2025-01-04,3
75,2025-01-05,3
75,2025-01-06,3
75,2025-01-07,3
75,2025-01-08,2
75,2025-01-09,3
75,2025-01-10,3
75,2025-01-11,3
75,2025-01-12,3
75,2025-01-13,3
75,2025-01-14,3
75,2025-01-15,3
75,2025-01-16,3
75,2025-01-17,3
75,2025-01-18,3
75,2025-01-19,3
75,2025-01-20,3
75,2025-01-21,3
75,2025-01-22,3
75,2025-01-23,3
75,2025-01-24,3
75,2025-01-25,3
75,2025-01-26,3
75,2025-01-27,3
75,2025-01-28,3
75,2025-01-29,3
75,2025-01-30,2
76,2025-01-01,3
76,2025-01-02,3
76,2025-01-03,3
76,2025-01-04,3
76,2025-01-05,3
76,2025-01-06,3
76,2025-01-07,3
76,2025-01-08,3
76,2025-01-09,3
76,2025-01-10,3
76,2025-01-11,2
76,2025-01-12,3
76,2025-01-13,3
76,2025-01-14,3
76,2025-01-15,3
76,2025-01-16,3
76,2025-01-17,3
76,2025-01-18,3
76,2025-01-19,3
76,2025-01-20,3
76,2025-01-21,3
76,2025-01-22,3
76,2025-01-23,3
76,2025-01-24,3
76,2025-01-25,3
76,2025-01-26,3
76,2025-01-27,3
76,2025-01-28,3
76,2025-01-29,3
76,2025-01-30,3
77,2025-01-01,3
77,2025-01-02,3
77,2025-01-03,3
77,2025-01-04,3
77,2025-01-05,3
77,2025-01-06,3
77,2025-01-07,3
77,2025-01-08,3
77,2025-01-09,3
77,2025-01-10,3
77,2025-01-11,3
77,2025-01-12,3
77,2025-01-13,3
77,2025-01-14,3
77,2025-01-15,3
77,2025-01-16,3
77,2025-01-17,3
77,2025-01-18,3
77,2025-01-19,3
77,2025-01-20,3
77,2025-01-21,3
77,2025-01-22,3
77,2025-01-23,3
77,2025-01-24,3
77,2025-01-25,3
77,2025-01-26,3
77,2025-01-27,3
77,2025-01-28,3
77,2025-01-29,4
77,2025-01-30,3
78,2025-01-01,2
78,2025-01-02,2
78,2025-01-03,2
78,2025-01-04,2
78,2025-01-05,2
78,2025-01-06,2
78,2025-01-07,2
78,2025-01-08,2
78,2025-01-09,2
78,2025-01-10,2
78,2025-01-11,2
78,2025-01-12,2
78,2025-01-13,2
78,2025-01-14,2
78,2025-01-15,2
78,2025-01-16,2
78,2025-01-17,2
78,2025-01-18,2
78,2025-01-19,2
78,2025-01-20,2
78,2025-01-21,2
78,2025-01-22,2
78,2025-01-23,3
78,2025-01-24,2
78,2025-01-25,2
78,2025-01-26,2
78,2025-01-27,2
78,2025-01-28,2
78,2025-01-29,2
78,2025-01-30,2
79,2025-01-01,3
79,2025-01-02,3
79,2025-01-03,3
79,2025-01-04,3
79,2025-01-05,3
79,2025-01-06,3
79,2025-01-07,3
79,2025-01-08,3
79,2025-01-09,3
79,2025-01-10,3
79,2025-01-11,3
79,2025-01-12,3
79,2025-01-13,3
79,2025-01-14,3
79,2025-01-15,3
79,2025-01-16,3
79,2025-01-17,3
79,2025-01-18,3
79,2025-01-19,3
79,2025-01-20,3
79,2025-01-21,4
79,2025-01-22,3
79,2025-01-23,3
79,2025-01-24,3
79,2025-01-25,3
79,2025-01-26,3
79,2025-01-27,3
79,2025-01-28,3
79,2025-01-29,3
79,2025-01-30,3
80,2025-01-01,2
80,2025-01-02,2
80,2025-01-03,2
80,2025-01-04,2
80,2025-01-05,2
80,2025-01-06,2
80,2025-01-07,2
80,2025-01-08,2
80,2025-01-09,2
80,2025-01-10,2
80,2025-01-11,2
80,2025-01-12,2
80,2025-01-13,2
80,2025-01-14,2
80,2025-01-15,2
80,2025-01-16,3
80,2025-01-17,2
80,2025-01-18,2
80,2025-01-19,2
80,2025-01-20,2
80,2025-01-21,2
80,2025-01-22,2
80,2025-01-23,2
80,2025-01-24,2
80,2025-01-25,2
80,2025-01-26,2
80,2025-01-27,2
80,2025-01-28,2
80,2025-01-29,3
80,2025-01-30,2
81,2025-01-01,4
81,2025-01-02,4
81,2025-01-03,4
81,2025-01-04,4
81,2025-01-05,4
81,2025-01-06,4
81,2025-01-07,4
81,2025-01-08,4
81,2025-01-09,4
81,2025-01-10,4
81,2025-01-11,4
81,2025-01-12,4
81,2025-01-13,4
81,2025-01-14,4
81,2025-01-15,4
81,2025-01-16,4
81,2025-01-17,3
81,2025-01-18,4
81,2025-01-19,4
81,2025-01-20,4
81,2025-01-21,4
81,2025-01-22,4
81,2025-01-23,4
81,2025-01-24,4
81,2025-01-25,4
81,2025-01-26,4
81,2025-01-27,4
81,2025-01-28,4
81,2025-01-29,3
81,2025-01-30,5
82,2025-01-01,3
82,2025-01-02,3
82,2025-01-03,3
82,2025-01-04,2
82,2025-01-05,3
82,2025-01-06,3
82,2025-01-07,3
82,2025-01-08,3
82,2025-01-09,3
82,2025-01-10,3
82,2025-01-11,3
82,2025-01-12,3
82,2025-01-13,3
82,2025-01-14,3
82,2025-01-15,3
82,2025-01-16,3
82,2025-01-17,3
82,2025-01-18,3
82,2025-01-19,3
82,2025-01-20,3
82,2025-01-21,3
82,2025-01-22,3
82,2025-01-23,3
82,2025-01-24,3
82,2025-01-25,3
82,2025-01-26,3
82,2025-01-27,3
82,2025-01-28,3
82,2025-01-29,3
82,2025-01-30,3
83,2025-01-01,3
83,2025-01-02,3
83,2025-01-03,3
83,2025-01-04,3
83,2025-01-05,3
83,2025-01-06,3
83,2025-01-07,3
83,2025-01-08,3
83,2025-01-09,3
83,2025-01-10,3
83,2025-01-11,3
83,2025-01-12,3
83,2025-01-13,3
83,2025-01-14,3
83,2025-01-15,3
83,2025-01-16,3
83,2025-01-17,3
83,2025-01-18,3
83,2025-01-19,3
83,2025-01-20,3
83,2025-01-21,3
83,2025-01-22,3
83,2025-01-23,3
83,2025-01-24,3
83,2025-01-25,3
83,2025-01-26,3
83,2025-01-27,3
83,2025-01-28,3
83,2025-01-29,3
83,2025-01-30,3
84,2025-01-01,2
84,2025-01-02,2
84,2025-01-03,2
84,2025-01-04,2
84,2025-01-05,2
84,2025-01-06,2
84,2025-01-07,2
84,2025-01-08,2
84,2025-01-09,2
84,2025-01-10,2
84,2025-01-11,2
84,2025-01-12,2
84,2025-01-13,2
84,2025-01-14,2
84,2025-01-15,1
84,2025-01-16,2
84,2025-01-17,2
84,2025-01-18,2
84,2025-01-19,2
84,2025-01-20,2
84,2025-01-21,2
84,2025-01-22,1
84,2025-01-23,2
84,2025-01-24,2
84,2025-01-25,2
84,2025-01-26,2
84,2025-01-27,2
84,2025-01-28,2
84,2025-01-29,2
84,2025-01-30,2
85,2025-01-01,3
85,2025-01-02,3
85,2025-01-03,3
85,2025-01-04,3
85,2025-01-05,3
85,2025-01-06,3
85,2025-01-07,3
85,2025-01-08,3
85,2025-01-09,3
85,2025-01-10,3
85,2025-01-11,3
85,2025-01-12,3
85,2025-01-13,2
85,2025-01-14,3
85,2025-01-15,3
85,2025-01-16,3
85,2025-01-17,3
85,2025-01-18,3
85,2025-01-19,3
85,2025-01-20,3
85,2025-01-21,3
85,2025-01-22,3
85,2025-01-23,3
85,2025-01-24,3
85,2025-01-25,3
85,2025-01-26,3
85,2025-01-27,3
85,2025-01-28,3
85,2025-01-29,3
85,2025-01-30,3
86,2025-01-01,3
86,2025-01-02,3
86,2025-01-03,3
86,2025-01-04,3
86,2025-01-05,3
86,2025-01-06,3
86,2025-01-07,3
86,2025-01-08,3
86,2025-01-09,3
86,2025-01-10,3
86,2025-01-11,3
86,2025-01-12,3
86,2025-01-13,3
86,2025-01-14,3
86,2025-01-15,3
86,2025-01-16,3
86,2025-01-17,3
86,2025-01-18,3
86,2025-01-19,3
86,2025-01-20,3
86,2025-01-21,3
86,2025-01-22,3
86,2025-01-23,3
86,2025-01-24,3
86,2025-01-25,3
86,2025-01-26,3
86,2025-01-27,3
86,2025-01-28,3
86,2025-01-29,3
86,2025-01-30,3
87,2025-01-01,3
87,2025-01-02,3
87,2025-01-03,2
87,2025-01-04,3
87,2025-01-05,3
87,2025-01-06,2
87,2025-01-07,3
87,2025-01-08,3
87,2025-01-09,3
87,2025-01-10,3
87,2025-01-11,3
87,2025-01-12,3
87,2025-01-13,2
87,2025-01-14,3
87,2025-01-15,3
87,2025-01-16,3
87,2025-01-17,3
87,2025-01-18,3
87,2025-01-19,3
87,2025-01-20,3
87,2025-01-21,3
87,2025-01-22,3
87,2025-01-23,3
87,2025-01-24,2
87,2025-01-25,3
87,2025-01-26,3
87,2025-01-27,3
87,2025-01-28,3
87,2025-01-29,2
87,2025-01-30,3
88,2025-01-01,3
88,2025-01-02,3
88,2025-01-03,3
88,2025-01-04,3
88,2025-01-05,2
88,2025-01-06,3
88,2025-01-07,3
88,2025-01-08,3
88,2025-01-09,3
88,2025-01-10,3
88,2025-01-11,3
88,2025-01-12,3
88,2025-01-13,3
88,2025-01-14,3
88,2025-01-15,3
88,2025-01-16,3
88,2025-01-17,3
88,2025-01-18,3
88,2025-01-19,3
88,2025-01-20,3
88,2025-01-21,3
88,2025-01-22,3
88,2025-01-23,3
88,2025-01-24,3
88,2025-01-25,3
88,2025-01-26,3
88,2025-01-27,4
88,2025-01-28,3
88,2025-01-29,3
88,2025-01-30,3
89,2025-01-01,4
89,2025-01-02,4
89,2025-01-03,4
89,2025-01-04,4
89,2025-01-05,4
89,2025-01-06,4
89,2025-01-07,4
89,2025-01-08,4
89,2025-01-09,4
89,2025-01-10,4
89,2025-01-11,4
89,2025-01-12,4
89,2025-01-13,4
89,2025-01-14,4
89,2025-01-15,4
89,2025-01-16,4
89,2025-01-17,4
89,2025-01-18,4
89,2025-01-19,4
89,2025-01-20,4
89,2025-01-21,4
89,2025-01-22,3
89,2025-01-23,4
89,2025-01-24,4
89,2025-01-25,4
89,2025-01-26,4
89,2025-01-27,4
89,2025-01-28,4
89,2025-01-29,4
89,2025-01-30,4
90,2025-01-01,3
90,2025-01-02,3
90,2025-01-03,3
90,2025-01-04,3
90,2025-01-05,3
90,2025-01-06,3
90,2025-01-07,3
90,2025-01-08,3
90,2025-01-09,3
90,2025-01-10,3
90,2025-01-11,3
90,2025-01-12,3
90,2025-01-13,4
90,2025-01-14,3
90,2025-01-15,3
90,2025-01-16,3
90,2025-01-17,3
90,2025-01-18,3
90,2025-01-19,3
90,2025-01-20,4
90,2025-01-21,3
90,2025-01-22,4
90,2025-01-23,3
90,2025-01-24,3
90,2025-01-25,3
90,2025-01-26,3
90,2025-01-27,3
90,2025-01-28,3
90,2025-01-29,4
90,2025-01-30,3
91,2025-01-01,2
91,2025-01-02,2
91,2025-01-03,2
91,2025-01-04,2
91,2025-01-05,2
91,2025-01-06,2
91,2025-01-07,2
91,2025-01-08,2
91,2025-01-09,2
91,2025-01-10,2
91,2025-01-11,2
91,2025-01-12,2
91,2025-01-13,2
91,2025-01-14,2
91,2025-01-15,2
91,2025-01-16,2
91,2025-01-17,2
91,2025-01-18,1
91,2025-01-19,1
91,2025-01-20,2
91,2025-01-21,2
91,2025-01-22,2
91,2025-01-23,2
91,2025-01-24,2
91,2025-01-25,2
91,2025-01-26,2
91,2025-01-27,2
91,2025-01-28,2
91,2025-01-29,2
91,2025-01-30,2
92,2025-01-01,3
92,2025-01-02,3
92,2025-01-03,3
92,2025-01-04,3
92,2025-01-05,3
92,2025-01-06,3
92,2025-01-07,4
92,2025-01-08,3
92,2025-01-09,3
92,2025-01-10,3
92,2025-01-11,3
92,2025-01-12,3
92,2025-01-13,3
92,2025-01-14,3
92,2025-01-15,3
92,2025-01-16,3
92,2025-01-17,3
92,2025-01-18,3
92,2025-01-19,3
92,2025-01-20,3
92,2025-01-21,3
92,2025-01-22,3
92,2025-01-23,3
92,2025-01-24,3
92,2025-01-25,3
92,2025-01-26,3
92,2025-01-27,3
92,2025-01-28,3
92,2025-01-29,3
92,2025-01-30,3
93,2025-01-01,3
93,2025-01-02,3
93,2025-01-03,3
93,2025-01-04,3
93,2025-01-05,3
93,2025-01-06,3
93,2025-01-07,3
93,2025-01-08,3
93,2025-01-09,3
93,2025-01-10,3
93,2025-01-11,3
93,2025-01-12,3
93,2025-01-13,3
93,2025-01-14,3
93,2025-01-15,3
93,2025-01-16,3
93,2025-01-17,3
93,2025-01-18,3
93,2025-01-19,3
93,2025-01-20,3
93,2025-01-21,3
93,2025-01-22,3
93,2025-01-23,3
93,2025-01-24,3
93,2025-01-25,3
93,2025-01-26,3
93,2025-01-27,3
93,2025-01-28,3
93,2025-01-29,3
93,2025-01-30,3
94,2025-01-01,3
94,2025-01-02,3
94,2025-01-03,3
94,2025-01-04,3
94,2025-01-05,3
94,2025-01-06,3
94,2025-01-07,3
94,2025-01-08,3
94,2025-01-09,3
94,2025-01-10,3
94,2025-01-11,3
94,2025-01-12,3
94,2025-01-13,2
94,2025-01-14,3
94,2025-01-15,3
94,2025-01-16,3
94,2025-01-17,3
94,2025-01-18,3
94,2025-01-19,3
94,2025-01-20,3
94,2025-01-21,3
94,2025-01-22,2
94,2025-01-23,3
94,2025-01-24,3
94,2025-01-25,3
94,2025-01-26,3
94,2025-01-27,3
94,2025-01-28,3
94,2025-01-29,3
94,2025-01-30,3
95,2025-01-01,3
95,2025-01-02,3
95,2025-01-03,3
95,2025-01-04,3
95,2025-01-05,3
95,2025-01-06,3
95,2025-01-07,3
95,2025-01-08,4
95,2025-01-09,3
95,2025-01-10,3
95,2025-01-11,3
95,2025-01-12,3
95,2025-01-13,3
95,2025-01-14,3
95,2025-01-15,3
95,2025-01-16,3
95,2025-01-17,3
95,2025-01-18,3
95,2025-01-19,3
95,2025-01-20,3
95,2025-01-21,3
95,2025-01-22,3
95,2025-01-23,3
95,2025-01-24,3
95,2025-01-25,3
95,2025-01-26,3
95,2025-01-27,3
95,2025-01-28,3
95,2025-01-29,3
95,2025-01-30,3
96,2025-01-01,3
96,2025-01-02,3
96,2025-01-03,3
96,2025-01-04,3
96,2025-01-05,3
96,2025-01-06,3
96,2025-01-07,3
96,2025-01-08,3
96,2025-01-09,3
96,2025-01-10,3
96,2025-01-11,3
96,2025-01-12,3
96,2025-01-13,3
96,2025-01-14,3
96,2025-01-15,3
96,2025-01-16,3
96,2025-01-17,3
96,2025-01-18,3
96,2025-01-19,3
96,2025-01-20,3
96,2025-01-21,3
96,2025-01-22,3
96,2025-01-23,3
96,2025-01-24,3
96,2025-01-25,3
96,2025-01-26,3
96,2025-01-27,3
96,2025-01-28,2
96,2025-01-29,3
96,2025-01-30,3
97,2025-01-01,3
97,2025-01-02,3
97,2025-01-03,3
97,2025-01-04,3
97,2025-01-05,3
97,2025-01-06,3
97,2025-01-07,3
97,2025-01-08,3
97,2025-01-09,3
97,2025-01-10,3
97,2025-01-11,3
97,2025-01-12,3
97,2025-01-13,3
97,2025-01-14,3
97,2025-01-15,3
97,2025-01-16,3
97,2025-01-17,3
97,2025-01-18,3
97,2025-01-19,3
97,2025-01-20,3
97,2025-01-21,3
97,2025-01-22,3
97,2025-01-23,3
97,2025-01-24,3
97,2025-01-25,3
97,2025-01-26,3
97,2025-01-27,3
97,2025-01-28,2
97,2025-01-29,3
97,2025-01-30,3
98,2025-01-01,3
98,2025-01-02,3
98,2025-01-03,3
98,2025-01-04,3
98,2025-01-05,3
98,2025-01-06,3
98,2025-01-07,3
98,2025-01-08,3
98,2025-01-09,3
98,2025-01-10,3
98,2025-01-11,3
98,2025-01-12,3
98,2025-01-13,3
98,2025-01-14,3
98,2025-01-15,3
98,2025-01-16,3
98,2025-01-17,3
98,2025-01-18,3
98,2025-01-19,3
98,2025-01-20,3
98,2025-01-21,3
98,2025-01-22,3
98,2025-01-23,3
98,2025-01-24,3
98,2025-01-25,3
98,2025-01-26,3
98,2025-01-27,3
98,2025-01-28,4
98,2025-01-29,3
98,2025-01-30,3
99,2025-01-01,1
99,2025-01-02,1
99,2025-01-03,1
99,2025-01-04,1
99,2025-01-05,1
99,2025-01-06,1
99,2025-01-07,1
99,2025-01-08,1
99,2025-01-09,1
99,2025-01-10,1
99,2025-01-11,1
99,2025-01-12,1
99,2025-01-13,1
99,2025-01-14,1
99,2025-01-15,1
99,2025-01-16,1
99,2025-01-17,1
99,2025-01-18,1
99,2025-01-19,1
99,2025-01-20,1
99,2025-01-21,1
99,2025-01-22,1
99,2025-01-23,1
99,2025-01-24,1
99,2025-01-25,1
99,2025-01-26,1
99,2025-01-27,1
99,2025-01-28,1
99,2025-01-29,1
99,2025-01-30,1
100,2025-01-01,2
100,2025-01-02,2
100,2025-01-03,2
100,2025-01-04,2
100,2025-01-05,2
100,2025-01-06,2
100,2025-01-07,2
100,2025-01-08,2
100,2025-01-09,2
100,2025-01-10,2
100,2025-01-11,2
100,2025-01-12,2
100,2025-01-13,2
100,2025-01-14,2
100,2025-01-15,2
100,2025-01-16,2
100,2025-01-17,2
100,2025-01-18,1
100,2025-01-19,2
100,2025-01-20,2
100,2025-01-21,2
100,2025-01-22,2
100,2025-01-23,2
100,2025-01-24,2
100,2025-01-25,2
100,2025-01-26,2
100,2025-01-27,2
100,2025-01-28,2
100,2025-01-29,1
100,2025-01-30,2
